"Date","SurveyId","WaterBodyType","SVL_mm","Weight_g","Sex","LifeStage","Recapture","PitTagNo_Final","BdSwabID","BdSwabResults","UTMEastingNAD83_Final","UTMNorthingNAD83_Final"
2011-07-27,275,NA,NA,NA,NA,"L",NA,NA,"NO SWAB TAKEN",NA,629455,4464852
2011-07-27,275,NA,NA,NA,NA,"L",NA,NA,"NO SWAB TAKEN",NA,629455,4464852
2011-07-27,275,NA,NA,NA,NA,"L",NA,NA,"NO SWAB TAKEN",NA,629455,4464852
2011-07-27,275,NA,NA,NA,NA,"L",NA,NA,"NO SWAB TAKEN",NA,629455,4464852
2011-07-27,275,NA,NA,NA,NA,"L",NA,NA,"NO SWAB TAKEN",NA,629455,4464852
2011-07-27,275,NA,NA,NA,NA,"L",NA,NA,"NO SWAB TAKEN",NA,629455,4464852
2011-07-27,275,NA,NA,NA,NA,"L",NA,NA,"NO SWAB TAKEN",NA,629455,4464852
2011-07-27,275,NA,NA,NA,NA,"L",NA,NA,"NO SWAB TAKEN",NA,629455,4464852
2011-07-27,275,NA,NA,NA,NA,"L",NA,NA,"NO SWAB TAKEN",NA,629455,4464852
2011-07-27,275,NA,NA,NA,NA,"L",NA,NA,"NO SWAB TAKEN",NA,629455,4464852
2011-07-27,275,"Channel",28.3,2.5,"U","S","N",NA,"CHI11-ML-01",36342.7954101563,629154,4465165
2011-07-27,275,NA,NA,NA,NA,"L",NA,NA,"NO SWAB TAKEN",NA,629455,4464852
2011-07-27,275,NA,NA,NA,NA,"L",NA,NA,"NO SWAB TAKEN",NA,629455,4464852
2011-07-27,275,"Channel",30.6,2.5,"U","S","N",NA,"CHI11-LH-01",18928.193359375,628830,4465399
2011-07-27,275,"Main Stream",64.4,31,"F","A","N",NA,"CHI11-ML-02",0,629522,4464785
2011-07-27,275,"Main Stream",41.4,9,"M","S","N",NA,"CHI11-ML-03",1580.76950073242,629523,4464608
2011-07-27,275,"Wet Meadow (no distinct edges)",NA,NA,NA,"L",NA,NA,"NO SWAB TAKEN",NA,628702,4465481
2011-07-27,275,"Wet Meadow (no distinct edges)",NA,NA,NA,"L",NA,NA,"NO SWAB TAKEN",NA,629455,4464852
2011-07-27,275,NA,NA,NA,NA,"L",NA,NA,"NO SWAB TAKEN",NA,629455,4464852
2011-07-27,275,NA,NA,NA,NA,"L",NA,NA,"NO SWAB TAKEN",NA,629455,4464852
2011-07-27,275,"Channel",42.3,9,"M","S","N",NA,"CHI11-EM-01",0,628765,4465436
2012-05-18,300,"Channel",28,2,"U","S","N",NA,"CHI12-ML-06",148.79858017,629293,4464970
2012-05-18,300,"Channel",35.2,5,"U","S","N",NA,"CHI12-BH-01",0,629305,4464966
2012-05-18,300,"Pond/Pool",NA,NA,NA,"L",NA,NA,"NO SWAB TAKEN",NA,628720,4465500
2012-05-18,300,"Pond/Pool",NA,NA,NA,"L",NA,NA,"NO SWAB TAKEN",NA,628720,4465500
2012-05-18,300,"Pond/Pool",NA,NA,NA,"L",NA,NA,"NO SWAB TAKEN",NA,628720,4465500
2012-05-18,300,"Pond/Pool",NA,NA,NA,"L",NA,NA,"NO SWAB TAKEN",NA,628720,4465500
2012-05-18,300,"Channel",35.3,4.5,"U","S","N",NA,"CHI12-ML-01",0,629109,4465170
2012-05-18,300,"Wet Meadow (no distinct edges)",21.6,1.5,"U","S","N",NA,"CHI12-KP-01",11810.880127,629279,4465004
2012-05-18,300,"Channel",50.6,18,"F","A","N","985153000326048","CHI12-ML-05",8.4954410791,629329,4465050
2012-05-18,300,"Channel",42.8,8.5,"M","S","N","985153000325785","CHI12-ML-04",0,629289,4465066
2012-05-18,300,"Channel",52.1,14.5,"F","A","N","985153000326583","CHI12-ML-03",0,629283,4465100
2012-05-18,300,"Backwater habitat",60.1,20,"F","A","N","985153000348148","CHI12-ML-02",19.935798645,629269,4465064
2012-05-18,300,"Backwater habitat",24.3,2,"U","S","N",NA,"CHI12-KP-02",647.10144043,629347,4464998
2012-05-18,300,"Channel",25.5,1.5,"U","S","N",NA,"CHI12-ML-08",753.48609924,629319,4464977
2014-06-01,599,NA,NA,NA,NA,NA,NA,NA,"CHI14-BH-17",0,NA,NA
2014-06-01,599,NA,NA,NA,NA,NA,NA,NA,"CHI14-BH-18",0,NA,NA
2014-06-01,599,NA,NA,NA,NA,NA,NA,NA,"CHI14-BH-19",0,NA,NA
2014-06-01,599,NA,NA,NA,NA,NA,NA,NA,"CHI14-BH-20",0,NA,NA
2014-06-01,599,NA,NA,NA,NA,NA,NA,NA,"CHI14-BH-21",0,NA,NA
2014-06-01,599,NA,NA,NA,NA,NA,NA,NA,"CHI14-BH-22",0,NA,NA
2014-06-01,599,NA,NA,NA,NA,NA,NA,NA,"CHI14-BH-23",0,NA,NA
2014-06-01,599,NA,NA,NA,NA,NA,NA,NA,"CHI14-MM-03",0,NA,NA
2014-06-01,599,NA,NA,NA,NA,NA,NA,NA,"CHI14-HK-04",0,NA,NA
2014-06-01,599,NA,NA,NA,NA,NA,NA,NA,"CHI14-MM-01",0,NA,NA
2014-06-01,599,NA,NA,NA,NA,NA,NA,NA,"CHI14-MM-02",0,NA,NA
2014-06-01,599,NA,NA,NA,NA,NA,NA,NA,"CHI14-BH-16",0,NA,NA
2014-06-01,599,NA,NA,NA,NA,NA,NA,NA,"CHI14-HK-01",0,NA,NA
2014-06-01,599,NA,NA,NA,NA,NA,NA,NA,"CHI14-HK-02",0,NA,NA
2014-06-01,599,NA,NA,NA,NA,NA,NA,NA,"CHI14-BH-03",292.32,NA,NA
2014-06-01,599,NA,NA,NA,NA,NA,NA,NA,"CHI14-BH-15",0,NA,NA
2014-06-01,599,NA,NA,NA,NA,NA,NA,NA,"CHI14-HK-03",0,NA,NA
2014-06-01,599,NA,NA,NA,NA,NA,NA,NA,"CHI14-BH-02",0,NA,NA
2014-06-01,599,NA,NA,NA,NA,NA,NA,NA,"CHI14-BH-04",225.6,NA,NA
2014-06-01,599,NA,NA,NA,NA,NA,NA,NA,"CHI14-BH-05",0,NA,NA
2014-06-01,599,NA,NA,NA,NA,NA,NA,NA,"CHI14-BH-06",0,NA,NA
2014-06-01,599,NA,NA,NA,NA,NA,NA,NA,"CHI14-BH-07",0,NA,NA
2014-06-01,599,NA,NA,NA,NA,NA,NA,NA,"CHI14-BH-09",0,NA,NA
2014-06-01,599,NA,NA,NA,NA,NA,NA,NA,"CHI14-BH-10",0,NA,NA
2014-06-01,599,NA,NA,NA,NA,NA,NA,NA,"CHI14-BH-11",0,NA,NA
2014-06-01,599,NA,NA,NA,NA,NA,NA,NA,"CHI14-BH-14",0,NA,NA
2014-06-01,599,NA,NA,NA,NA,NA,NA,NA,"CHI14-BH-12",0,NA,NA
2014-06-01,599,NA,NA,NA,NA,NA,NA,NA,"CHI14-BH-13",0,NA,NA
2014-06-01,599,NA,NA,NA,NA,NA,NA,NA,"CHI14-BH-08",0,NA,NA
2014-06-01,599,NA,NA,NA,NA,NA,NA,NA,"CHI14-BH-01",0,NA,NA
2014-10-27,370,NA,NA,NA,NA,NA,NA,NA,"CHI14-KP",70.1907907504902,NA,NA
2014-10-27,370,"Wet Meadow (no distinct edges)",56,22.9,"F","A","N","982000363602954","CHI14-KP-04",201.255190568431,629959,4464332
2014-10-27,370,"Wet Meadow (no distinct edges)",37.2,7.6,"M","S","N",NA,"CHI14-KP-06",0,629934,4464325
2014-10-27,370,"Main Stream",49.4,16,"M","A","N","982000363602924","CHI14-KP-07",229.656613324177,629871,4464321
2014-10-27,370,"Main Stream",33.5,3.1,"U","M","N",NA,"CHI14-KP-08",2534.76589729495,629863,4464328
2014-10-27,370,NA,NA,NA,NA,NA,NA,NA,"CHI14-01",0,NA,NA
2014-10-27,370,NA,NA,NA,NA,NA,NA,NA,"CHI14-03",755.464770481756,NA,NA
2014-10-27,370,NA,NA,NA,NA,NA,NA,NA,"CHI14-AF",0,NA,NA
2014-10-27,370,"Channel",42.9,12.8,"M","A","N","982000363602904","CHI14-KP-02",0,630106,4464308
2014-10-27,370,"Wet Meadow (no distinct edges)",26.1,3.2,"U","M","N",NA,"CHI14-KP-03",13378.7036811525,630167,4464266
2014-10-27,370,NA,NA,NA,NA,NA,NA,NA,"CHI14-02",53.6176096738401,NA,NA
2014-10-27,370,"Wet Meadow (no distinct edges)",60.2,23.3,"F","A","N","982000363602938","CHI14-KP-05",0,629945,4464327
2014-10-27,370,"Channel",28.7,2.3,"U","M","N",NA,"CHI14-KP-01",1267.52358333304,630106,4464308
2015-05-08,376,"Channel",32,3.4,"U","Y","Y",NA,"CHI15-KP-07",68.7441192780758,629940,4464285
2015-05-08,376,"Channel",37.8,5,"U","S","N","982000363602616","CHI15-KP-04",0,629957,4464319
2015-05-08,376,"Channel",41,7.5,"M","S","N","982000363602642","CHI15-KP-06",103.29358509279,629951,4464286
2015-05-08,376,"Channel",38.4,6,"U","S","N","982000363602605","CHI15-KP-08",36.109896737575,629934,4464287
2015-05-08,376,"Channel",35.3,4.4,"U","S","N",NA,"CHI15-KP-09",45.1457809468005,629933,4464300
2015-05-08,376,"Channel",40.3,5.5,"M","S","N","982000363602597","CHI15-KP-10",71.1148519673134,629927,4464300
2015-05-08,374,"Channel/Pond/Pool",48.5,10,"M","S","N","982000363602537","CHI15-KP-01",0,630188,4464224
2015-05-08,374,"Channel/Pond/Pool",53,16,"F","S","N","982000363602483","CHI15-KP-02",0,630151,4464277
2015-05-08,374,"Channel/Pond/Pool",30.5,2.9,"U","Y","N",NA,"CHI15-KP-03",NA,629929,4464278
2015-05-08,376,"Main Stream",36.4,4.6,"U","Y","N",NA,"CHI15-KP-05",122.753120498342,629954,4464277
2015-06-10,378,"Backwater habitat",50.5,16,"F","S","N","982000363602573","CHI15-NM-01_JUN",73.9128151415588,629897,4464285
2015-06-10,377,"Pond/Pool",56.5,20,"F","S","N","982000363602641","CHI15-BH-01",93.0414925033887,629953,4464321
2015-06-10,378,"Channel",49.2,13,"M","S","N","982000363602656","CHI15-AA-02",0,629887,4464302
2015-06-10,378,"Backwater habitat",45.5,7.5,"M","S","N",NA,"CHI15-NM-02",0,629897,4464285
2015-06-10,378,"Pond/Pool",44.7,9,"U","Y","N",NA,"CHI15-BH-02",0,629955,4464271
2015-06-10,378,"Channel/Pond/Pool",39.7,5.1,"U","Y","N",NA,"CHI15-AA-01",0,630185,4464244
2015-06-10,378,"Pond/Pool",56.5,20,"F","S","Y","982000363602641","CHI15-LE-02",0,629958,4464320
2015-06-10,378,"Channel",40.2,7,"M","S","N","982000363602880","CHI15-LE-03",0,629887,4464302
2015-07-09,381,"Pond/Pool",22,1,"U","M","N",NA,"CHI15-JS-02",0,629948,4464322
2015-07-09,380,"Pond/Pool",44.4,9.5,"M","S","N","982000363602835","NO SWAB TAKEN",NA,629946,4464293
2015-07-09,380,"Pond/Pool",NA,NA,"U","S","N",NA,"NO SWAB TAKEN",NA,629942,4464288
2015-07-09,380,"Pond/Pool",NA,NA,"U","S","N","982000363602948","NO SWAB TAKEN",NA,629942,4464288
2015-07-09,380,"Channel/Pond/Pool",39.9,5.5,"M","S","N","982000363602886","NO SWAB TAKEN",NA,629935,4464283
2015-07-09,380,"Pond/Pool",41.6,6.5,"U","S","N","982000363602867","NO SWAB TAKEN",NA,630177,4464267
2015-07-09,381,"Channel/Pond/Pool",22.8,1.1,"U","M","N",NA,"CHI15-NM-03",0,629891,4464284
2015-07-09,381,"Pond/Pool",21.9,1,"U","M","N",NA,"CHI15-NM-02",0,629938,4464287
2015-07-09,381,"Pond/Pool",38.5,6.5,"M","S","Y","982000363602886","CHI15-JS-01",0,629941,4464288
2015-07-09,381,"Pond/Pool",47.5,10,"M","S","N","982000363602953","CHI15-NM-01_JUL",29.0369266109616,629935,4464290
2015-07-09,380,"Pond/Pool",56.3,20,"M","A","N","47015E656C","NO SWAB TAKEN",NA,629947,4464292
2015-07-09,381,"Channel",54.9,18.5,"M","A","Y","982000363602483","CHI15-NM-04",0,629846,4464328
2015-07-26,383,"Backwater habitat",21.6,1.3,"U","M","N",NA,"CHI15-BH-03",0,629942,4464316
2015-07-26,383,"Backwater habitat",27.6,2.2,"U","Y","N",NA,"CHI15-NM-06",0,629895,4464280
2015-07-26,382,"Pond/Pool",45,10.2,"M","S","Y","982000363602953","CHI15-LE-04",51.0811442324693,629939,4464302
2015-07-26,382,"Pond/Pool",40,6.3,"M","S","Y","982000363602886","CHI15-LE-05",98.9,629939,4464302
2015-07-26,382,"Channel",42.9,8.5,"M","S","Y","982000403130911","CHI15-LE-06",0,630197,4464243
2015-07-26,383,"Pond/Pool",41.8,7,"M","S","Y","982000363602886","CHI15-NM-05",0,629934,4464289
2015-08-16,385,"Backwater habitat",24.1,2,"U","M","Y",NA,"CHI15-KP-30",265.261937898223,629889,4464263
2015-08-16,385,"Backwater habitat",26.7,1.75,"U","M","N",NA,"CHI15-KP-31",0,629889,4464263
2015-08-16,385,"Backwater habitat",26.7,1.75,"U","M","N",NA,"NO SWAB TAKEN",NA,629889,4464263
2015-08-16,385,"Pond/Pool",55.5,15.5,"F","A","Y","982000363602883","CHI15-KP-28",0,629949,4464307
2015-08-16,385,"Backwater habitat",26.7,1.75,"U","M","N",NA,"NO SWAB TAKEN",NA,629889,4464263
2015-08-16,385,"Pond/Pool",25.9,2,"U","M","N",NA,"CHI15-AA-09",0,629932,4464286
2015-08-16,385,"Backwater habitat",46.8,10,"M","S","N","982000403130896","CHI15-KP-29",0,629889,4464263
2015-08-16,385,"Pond/Pool",25.3,2,"U","M","N",NA,"CHI15-LE-09",0,629908,4464264
2015-08-16,385,"Channel",28.1,2.5,"U","M","N",NA,"CHI15-NM-22",0,629965,4464267
2015-08-16,385,"Pond/Pool",52.2,14,"M","A","N","982000403130814","CHI15-AA-13",0,629926,4464301
2015-08-16,385,"Pond/Pool",47.1,12.75,"M","S","Y","982000363602597","CHI15-AA-12",0,629926,4464301
2015-08-16,385,"Pond/Pool",20.2,1.25,"U","M","N",NA,"CHI15-AA-11",0,629932,4464286
2015-08-16,385,"Pond/Pool",26.2,1.75,"U","M","N",NA,"CHI15-AA-10",0,629932,4464286
2015-08-16,385,"Pond/Pool",24.9,1.5,"U","M","N",NA,"CHI15-LE-08",0,629932,4464286
2015-08-16,385,"Pond/Pool",26,2,"U","M","N",NA,"CHI15-LE-07",0,629932,4464286
2015-08-16,385,"Backwater habitat",25.8,1.5,"U","M","N",NA,"NO SWAB TAKEN",NA,629884,4464261
2015-08-16,385,"Pond/Pool",24.8,2,"U","M","N",NA,"CHI15-AA-08",0,629944,4464310
2015-08-16,385,"Channel",51.5,13.5,"M","A","N","982000363602885","CHI15-KP-32",26.8501521068116,629882,4464282
2015-08-16,385,"Pond/Pool",27.6,2,"U","M","N",NA,"CHI15-KP-27",0,629949,4464307
2015-08-16,385,"Pond/Pool",25.6,1.5,"U","M","N",NA,"CHI15-KP-26",0,629949,4464317
2015-08-16,385,"Pond/Pool",24.4,1.25,"U","M","N",NA,"CHI15-KP-25",0,629949,4464317
2015-08-16,385,"Channel",23.3,1.5,"U","M","N",NA,"CHI15-KP-24",0,629960,4464315
2015-08-16,385,"Pond/Pool",28.5,2,"U","M","N",NA,"CHI15-KP-23",112.672637239597,629957,4464320
2015-08-16,385,"Pond/Pool",23.8,1.5,"U","M","N",NA,"CHI15-KP-22",0,629957,4464320
2015-08-16,385,"Pond/Pool",23.3,1.5,"U","M","N",NA,"CHI15-KP-21",0,629957,4464320
2015-08-16,385,"Pond/Pool",25.6,2,"U","M","N",NA,"CHI15-KP-20",0,629957,4464320
2015-08-16,385,"Pond/Pool",50.7,14.5,"F","S","N","982000363602943","CHI15-NM-21",0,629938,4464284
2015-08-16,384,"Channel",24.3,1.25,"U","M","N",NA,"CHI15-NM-09",0,629847,4464305
2015-08-16,384,"Pond/Pool",55.6,16.1,"F","A","N","982000363602883","CHI15-AA-07",0,629944,4464301
2015-08-16,384,"Pond/Pool",57,19.8,"F","A","N","985120031453726","CHI15-AA-06",95.5688471793254,629924,4464286
2015-08-16,384,"Channel",47.6,12.1,"M","A","Y","982000363602953","CHI15-AA-05",0,629969,4464284
2015-08-16,384,"Backwater habitat",25.4,1.5,"U","M","N",NA,"CHI15-NM-19",0,629888,4464261
2015-08-16,384,"Backwater habitat",22.2,0.75,"U","M","N",NA,"CHI15-NM-18",1478.79895382774,629888,4464261
2015-08-16,384,"Backwater habitat",24.8,1.5,"U","M","N",NA,"CHI15-NM-17",0,629888,4464261
2015-08-16,384,"Backwater habitat",24.3,2,"U","M","N",NA,"CHI15-NM-16",0,629888,4464261
2015-08-16,384,"Backwater habitat",24.8,1.25,"U","M","N",NA,"CHI15-NM-15",0,629888,4464261
2015-08-16,384,"Backwater habitat",50.6,13,"M","A","N","982000403130927","CHI15-NM-14",0,629894,4464283
2015-08-16,384,"Backwater habitat",27.5,2,"U","M","N",NA,"CHI15-NM-13",0,629894,4464283
2015-08-16,384,"Backwater habitat",28.7,2.5,"U","Y","N",NA,"CHI15-NM-12",193.971230791346,629894,4464283
2015-08-16,385,"Backwater habitat",46.6,12,"M","S","N","982000403138813","CHI15-AA-14",59.7427299483349,629887,4464275
2015-08-16,384,"Backwater habitat",28.8,2.25,"U","Y","N",NA,"CHI15-NM-10",0,629897,4464290
2015-08-16,385,"Backwater habitat",25.9,1.5,"U","M","N",NA,"NO SWAB TAKEN",NA,629884,4464261
2015-08-16,384,"Channel",25.4,2,"U","M","N",NA,"CHI15-NM-08",0,629847,4464305
2015-08-16,384,"Channel",24.1,0.75,"U","M","N",NA,"CHI15-NM-07",0,629847,4464305
2015-08-16,384,"Channel",55.6,27.5,"F","A","N","982000363602958","CHI15-AA-04",173.390442028438,629842,4464306
2015-08-16,385,"Backwater habitat",56,18.5,"F","A","Y","982000363602573","CHI15-KP-34",0,629891,4464286
2015-08-16,385,"Backwater habitat",28.7,3,"U","M","Y",NA,"NO SWAB TAKEN",NA,629891,4464286
2015-08-16,385,"Backwater habitat",26,1.5,"U","M","N",NA,"NO SWAB TAKEN",NA,629891,4464286
2015-08-16,385,"Backwater habitat",27,1.5,"U","M","Y",NA,"NO SWAB TAKEN",NA,629891,4464286
2015-08-16,385,"Backwater habitat",50.3,13.5,"M","A","Y","982000403130927","CHI15-KP-33",0,629891,4464286
2015-08-16,385,"Backwater habitat",30.9,3,"U","M","Y",NA,"NO SWAB TAKEN",NA,629891,4464286
2015-08-16,385,"Backwater habitat",46.4,11.5,"M","S","N","982000363602872","CHI15-AA-15",0,629887,4464275
2015-08-16,385,"Pond/Pool",23.9,1.5,"U","M","N",NA,"CHI15-NM-20",0,630095,4464304
2015-08-16,385,"Backwater habitat",24.6,1.5,"U","M","N",NA,"NO SWAB TAKEN",NA,629884,4464261
2015-08-16,384,"Backwater habitat",26.1,1.5,"U","Y","N",NA,"CHI15-NM-11",0,629897,4464290
2015-08-16,384,"Channel",24.4,1.5,"U","M","N",NA,"CHI15-AA-03",0,629828,4464390
2015-09-08,387,"Backwater habitat",28.1,2,"U","M","N",NA,"CHI15-NM-71",1167.33264388763,629892,4464256
2015-09-08,387,"Channel",50.7,14,"M","A","N","982000403130794","CHI15-MR-23",NA,629877,4464305
2015-09-08,387,"Backwater habitat",29.5,2,"U","M","N",NA,"CHI15-NM-60",7464.17199180958,629944,4464305
2015-09-08,387,"Backwater habitat",33,3.8,"U","Y","N",NA,"CHI15-NM-61",180.818037326916,629909,4464262
2015-09-08,387,"Backwater habitat",28.7,2,"U","M","Y",NA,"CHI15-NM-62",38.7144130299453,629909,4464262
2015-09-08,387,"Backwater habitat",30,2,"U","M","N",NA,"CHI15-NM-63",41.133108521296,629909,4464262
2015-09-08,387,"Backwater habitat",29.9,2.8,"U","M","Y",NA,"CHI15-NM-64",466.510907749028,629892,4464256
2015-09-08,387,"Backwater habitat",31.4,2.5,"U","Y","N",NA,"CHI15-NM-65",0.280696546215675,629892,4464256
2015-09-08,387,"Backwater habitat",28.1,2,"U","M","N",NA,"CHI15-NM-66",842.070695316168,629892,4464256
2015-09-08,387,"Channel",45.5,12,"M","S","Y","982000363602656","CHI15-MR-22",NA,629877,4464305
2015-09-08,387,"Backwater habitat",27.4,1.8,"U","M","N",NA,"CHI15-NM-69",161.689256421542,629892,4464256
2015-09-08,387,"Backwater habitat",24.5,1.6,"U","M","N",NA,"CHI15-NM-68",1432.15084666228,629892,4464256
2015-09-08,387,"Backwater habitat",45.9,10.5,"M","A","N","982000403130813","CHI15-MR-01",47.7903253890536,629892,4464256
2015-09-08,387,"Backwater habitat",26.2,1.5,"U","M","N",NA,"CHI15-NM-72",510.386972366318,629885,4464259
2015-09-08,387,"Backwater habitat",32.8,3.5,"U","Y","N",NA,"CHI15-NM-73",0,629885,4464259
2015-09-08,387,"Backwater habitat",26.6,1.3,"U","M","Y",NA,"CHI15-NM-74",100.140546140037,629885,4464259
2015-09-08,387,"Backwater habitat",41.5,8.75,"F","S","N","982000363602860","CHI15-MR-02",6.6012754098853,629892,4464282
2015-09-08,387,"Backwater habitat",32.5,2.4,"U","Y","Y",NA,"CHI15-NM-75",670.43725923984,629892,4464282
2015-09-08,387,"Backwater habitat",31.8,3.5,"U","Y","Y",NA,"CHI15-NM-76",614.530368969776,629892,4464282
2015-09-08,387,"Channel",49.2,13,"M","S","Y","982000363602656","CHI15-MR-03",1.19639827527219,629878,4464301
2015-09-08,387,"Backwater habitat",27,2,"U","M","N",NA,"CHI15-NM-67",1953.34812793637,629892,4464256
2015-09-08,387,"Channel",29.7,3,"U","M","N",NA,"CHI15-NM-82",0,630102,4464259
2015-09-08,387,"Backwater habitat",27.8,1.5,"U","M","N",NA,"CHI15-NM-70",58.4842873997952,629892,4464256
2015-09-08,387,"Backwater habitat",57,18,"F","A","N","982000363602862","CHI15-MR-21",0,629893,4464282
2015-09-08,386,"Backwater habitat",29.7,2.6,"U","M","Y",NA,"CHI15-KP-56",0,629935,4464287
2015-09-08,386,"Backwater habitat",26.6,1.9,"U","M","Y",NA,"CHI15-KP-57",0,629935,4464287
2015-09-08,386,"Backwater habitat",26,1.8,"U","M","N",NA,"CHI15-KP-58",0,629925,4464290
2015-09-08,387,"Channel",28.2,2.25,"U","M","Y",NA,"CHI15-NM-81",0,630095,4464302
2015-09-08,386,"Channel",27.5,1.9,"U","M","N",NA,"CHI15-KP-55",0,630060,4464274
2015-09-08,387,"Channel",27.2,2,"U","M","N",NA,"CHI15-NM-83",0,630102,4464259
2015-09-08,387,"Channel",28.1,2,"U","M","N",NA,"CHI15-NM-84",0,630092,4464264
2015-09-08,387,"Channel",26.8,2.25,"U","M","N",NA,"CHI15-NM-85",35.0659988119788,629978,4464285
2015-09-08,387,"Backwater habitat",26.7,2,"U","M","N",NA,"CHI15-NM-92",0,629889,4464259
2015-09-08,387,"Backwater habitat",44.3,10,"F","A","Y","982000363602573","CHI15-MR-20",0,629917,4464282
2015-09-08,387,"Channel",26.6,2,"U","M","N",NA,"CHI15-NM-80",0,630095,4464302
2015-09-08,387,"Backwater habitat",29,2.75,"U","M","Y",NA,"CHI15-NM-93",0,629889,4464259
2015-09-08,387,"Backwater habitat",26.6,2.25,"U","M","N",NA,"CHI15-NM-91",0,629909,4464267
2015-09-08,387,"Backwater habitat",29.4,3,"U","M","N",NA,"CHI15-NM-90",40.7508466660246,629909,4464267
2015-09-08,387,"Channel",28.9,2.5,"U","M","N",NA,"CHI15-NM-89",0,629944,4464267
2015-09-08,387,"Channel",24.3,1.75,"U","M","N",NA,"CHI15-NM-88",0,629944,4464267
2015-09-08,387,"Channel",28.7,2.25,"U","M","N",NA,"CHI15-NM-87",0,629954,4464312
2015-09-08,387,"Channel",26.8,2.5,"U","M","Y",NA,"CHI15-NM-86",0,629954,4464312
2015-10-06,389,"Main Stream",26.4,2,"U","M","Y",NA,"CHI15-NM-138",237.787631675379,630063,4464273
2015-10-06,389,"Backwater habitat",30.1,3.1,"U","M","Y",NA,"CHI15-NM-150",1210.30010051587,629945,4464310
2015-10-06,389,"Channel",55.4,17.5,"F","S","Y","982000403130862","CHI15-NM-149",195.334400179931,629933,4464304
2015-10-06,389,"Backwater habitat",29.9,3.3,"U","Y","Y",NA,"CHI15-NM-147",3621.88569880278,629926,4464304
2015-10-06,389,"Backwater habitat",27.8,2.3,"U","M","N",NA,"CHI15-NM-145",328.594725718167,629958,4464293
2015-10-06,389,"Backwater habitat",55.1,17,"F","A","Y","982000363602943","CHI15-NM-144",105.444245515149,629958,4464293
2015-10-06,389,"Backwater habitat",27.3,2.2,"U","M","N",NA,"CHI15-NM-143",183.177543147635,629958,4464293
2015-10-06,389,"Backwater habitat",28.7,2,"U","M","N",NA,"CHI15-NM-142",0,629958,4464293
2015-10-06,389,"Main Stream",28.8,2.6,"U","M","N",NA,"CHI15-NM-141",0,630019,4464291
2015-10-06,389,"Main Stream",50.8,15,"M","S","N","982000403130815","CHI15-NM-140",0,630041,4464275
2015-10-06,389,"Channel",27.7,2.3,"U","M","Y",NA,"CHI15-NM-148",1.52816441518829,629933,4464304
2015-10-06,389,"Channel",29.4,3.5,"U","M","N",NA,"CHI15-NM-137",495.109939962531,630099,4464267
2015-10-06,389,"Main Stream",32.5,4.1,"U","M","N",NA,"CHI15-NM-136",222.064149386344,630135,4464243
2015-10-06,389,"Main Stream",24.1,1.5,"U","M","N",NA,"CHI15-NM-135",78.7722669271158,630088,4464267
2015-10-06,389,"Main Stream",61.4,31,"F","A","N","982000363602952","CHI15-NM-134",154.45222364558,630086,4464261
2015-10-06,389,"Main Stream",26.1,1.8,"U","M","N",NA,"CHI15-NM-133",0,630125,4464246
2015-10-06,389,"Main Stream",52,16.5,"M","A","N","982000403130924","CHI15-NM-132",0,630125,4464246
2015-10-06,389,"Backwater habitat",31.8,2.2,"U",NA,"Y",NA,"CHI15-NM-130",0,NA,NA
2015-10-06,389,"Main Stream",29.6,2.4,"U","M","N",NA,"CHI15-NM-131",2309.92128401168,630135,4464243
2015-10-06,389,"Channel",29.8,3.1,"U","M","N",NA,"CHI15-NM-129",2563.27750239433,630166,4464202
2015-10-06,389,"Channel",48,11,"U","S","N","982000403130854","CHI15-NM-127",54.5359863928566,630191,4464225
2015-10-06,389,"Backwater habitat",28.7,3,"U","M","Y",NA,"CHI15-NM-151",0,629945,4464310
2015-10-06,389,"Main Stream",27.5,2.3,"U","M","N",NA,"CHI15-NM-139",3466.43856573219,630049,4464273
2015-10-06,389,"Backwater habitat",40.5,7,"U","Y","N","982000403130808","CHI15-NM-128",0,630213,4464228
2015-10-06,388,"Backwater habitat",52.6,16.5,"F","S","N","982000403130862","CHI15-NM-114",109.9,629934,4464302
2015-10-06,388,"Channel",30.1,3,"U","M","Y",NA,"CHI15-NM-101",0,630094,4464305
2015-10-06,388,"Channel",28.1,2,"U","M","N",NA,"CHI15-NM-102",0,630064,4464277
2015-10-06,388,"Channel",34,3.6,"U","Y","N",NA,"CHI15-NM-103",0,630021,4464289
2015-10-06,388,"Channel",64.6,32.5,"F","A","N","985120031597662","CHI15-NM-104",0,630002,4464284
2015-10-06,389,"Backwater habitat",31.3,2.8,"U","M","Y",NA,"CHI15-NM-152",0,629956,4464321
2015-10-06,388,"Backwater habitat",36.7,4.7,"U","Y","Y","982000363602899","CHI15-NM-106",0,629951,4464314
2015-10-06,388,"Channel",28.3,2.5,"U","M","N",NA,"CHI15-NM-107",169.486133426617,630081,4464256
2015-10-06,388,"Backwater habitat",29.5,2.1,"U","M","N",NA,"CHI15-NM-108",1123.45632437461,629945,4464307
2015-10-06,388,"Backwater habitat",29.3,2.8,"U","M","N",NA,"CHI15-NM-109",0,629945,4464307
2015-10-06,388,"Backwater habitat",31.4,2.9,"U","M","N",NA,"CHI15-NM-110",39.257039136989,629938,4464287
2015-10-06,388,"Backwater habitat",30,2.8,"U","M","Y",NA,"CHI15-NM-111",1572.98067191575,629938,4464287
2015-10-06,388,"Channel",27.1,2.2,"U","M","N",NA,"CHI15-NM-100",0,630101,4464301
2015-10-06,388,"Backwater habitat",32,3,"U","M","N",NA,"CHI15-NM-113",1432.39729253075,629925,4464288
2015-10-06,388,"Backwater habitat",30.5,3,"U","M","N",NA,"CHI15-NM-105",0,629954,4464324
2015-10-06,388,"Backwater habitat",27.3,2.2,"U","M","N",NA,"CHI15-NM-115",316.10645588501,629934,4464302
2015-10-06,388,"Backwater habitat",30.3,2.6,"U","M","N",NA,"CHI15-NM-116",0,629934,4464302
2015-10-06,388,"Backwater habitat",49.8,14,"M","S","Y","982000363602597","CHI15-NM-117",0,629934,4464302
2015-10-06,388,"Backwater habitat",47.9,12.5,"M","S","Y","982000403130813","CHI15-NM-118",60.9282278721163,629913,4464264
2015-10-06,388,"Backwater habitat",67.4,31.5,"F","A","N","982000403130867","CHI15-NM-119",0,629886,4464277
2015-10-06,388,"Backwater habitat",45.2,10,"M","S","Y","982000363602860","CHI15-NM-120",152.634821907276,629897,4464290
2015-10-06,388,"Backwater habitat",46.6,12.5,"M","S","Y","982000403130896","CHI15-NM-121",0,629897,4464277
2015-10-06,388,"Backwater habitat",34.5,3.7,"U","Y","Y",NA,"CHI15-NM-122",437.129338393032,629897,4464277
2015-10-06,388,"Backwater habitat",45.4,9,"U","S","N","982000403130951","CHI15-NM-123",322.013859806707,629897,4464277
2015-10-06,388,"Backwater habitat",45.4,10.5,"M","S","Y","982000363602886","CHI15-NM-124",0,629892,4464288
2015-10-06,388,"Backwater habitat",32.6,2.5,"U","M","Y",NA,"CHI15-NM-125",1866.56808434132,629892,4464288
2015-10-06,388,"Channel",59.5,25,"F","A","N","982000403130797","CHI15-NM-126",168.091195533977,629397,4465346
2015-10-06,388,"Backwater habitat",31.7,2.8,"U","M","Y",NA,"CHI15-NM-112",0,629932,4464284
2015-10-06,389,NA,30,2.5,"U","M","N",NA,"CHI15-NM-161",150.367691759505,629897,4464275
2015-10-06,389,"Channel",29,2.8,"U","M","Y",NA,"CHI15-NM-153",0,629934,4464309
2015-10-06,389,"Backwater habitat",27.9,2.2,"U","M","Y",NA,"CHI15-NM-154",1827.47962619803,629895,4464262
2015-10-06,389,"Backwater habitat",29.9,2.8,"U","M","N",NA,"CHI15-NM-155",90.7310746084269,629895,4464262
2015-10-06,389,"Backwater habitat",28.8,2.5,"U","M","N",NA,"CHI15-NM-156",1086.38303838615,629895,4464262
2015-10-06,389,"Backwater habitat",29.8,3.1,"U","M","Y",NA,"CHI15-NM-157",265.007344966025,629888,4464258
2015-10-06,389,"Backwater habitat",29.5,2.7,"U","M","N",NA,"CHI15-NM-158",517.317997954576,629888,4464258
2015-10-06,389,"Backwater habitat",28.4,2.3,"U","M","Y",NA,"CHI15-NM-160",387.059415512314,629895,4464309
2015-10-06,389,"Backwater habitat",31.8,2.3,"U","M","Y",NA,"CHI15-NM-146",78.9233526172653,629931,4464290
2015-10-06,389,NA,44.5,14.6,"M","S","Y","982000403130896","CHI15-NM-162",0,629897,4464275
2015-10-06,389,NA,43.1,9.9,"M","S","Y","982000363602886","CHI15-NM-163",0,629895,4464279
2015-10-06,389,NA,47.6,13.8,"M","S","N","982000403130810","CHI15-NM-165",334.990677112437,629895,4464279
2015-10-06,389,"Backwater habitat",25,1.3,"U","M","N",NA,"CHI15-NM-168",30.6505355327213,629896,4464291
2015-10-06,389,"Backwater habitat",30,2.6,"U","M","N",NA,"CHI15-NM-159",2787.85490819869,629894,4464265
2015-10-06,389,NA,29.9,2.2,"U","M","Y",NA,"CHI15-NM-166",3279.19401326522,629899,4464283
2015-10-06,389,NA,46.4,8.9,"U","S","Y","982000403130951","CHI15-NM-164",0,629895,4464279
2015-10-06,389,"Backwater habitat",33.5,3.5,"U","M","N",NA,"CHI15-NM-167",371.078430152935,629912,4464286
2016-05-01,412,"Backwater habitat",28.4,2.3,"U","Y","N",NA,"CHI16-KP-04",0,629948,4464307
2016-05-01,412,"Channel",53,16,"M","S","Y","982000363602867","CHI16-KP-02",44.2099335987281,630153,4464269
2016-05-01,412,"Main Stream",59.6,21,"F","A","Y","982000363602641","CHI16-KP-01",0,629947,4464272
2016-05-01,417,"Channel",50.7,13.9,"M","A","N","982000403130923","CHLD16-AA-04",0,629919,4464285
2016-05-01,417,"Pond/Pool",47,11,"M","S","N","982000403130828","CHLD16-NN-03",NA,630091,4464244
2016-05-01,417,"Channel",50.9,13.4,"M","A","N","982000403130827","CHLD16-AA-03",120.6523154,629898,4464299
2016-05-01,412,"Backwater habitat",34,3.6,"U","Y","Y",NA,"CHI16-KP-05",0,NA,NA
2016-05-01,412,"Main Stream",52,23.5,"F","A","N","982000363602889","CHI16-AC-01",84.8884216327238,629410,4465290
2016-05-01,417,"Channel",56.9,18.9,"F","A","Y","982000363602862","CHLD16-AA-02",17.92424737,629898,4464299
2016-05-01,417,"Main Stream",60.6,NA,"F","A","N","982000403130992","CHLD16-NN-02",0,629968,4464287
2016-05-01,417,"Channel",49.1,12.4,"M","S","N","982000403131015","CHLD16-LE-02",40.36655704,629892,4464263
2016-05-01,417,"Channel",62.5,24.8,"F","A","Y","982000403130867","CHLD16-LE-01",0,629892,4464265
2016-05-01,417,"Main Stream",50.2,11.4,"M","A","N","982000403130809","CHLD16-NN-01",29.45483334,629856,4464286
2016-05-01,417,"Main Stream",34.2,3.9,"U","Y","N",NA,"CHLD16-AA-01",0,629843,4464311
2016-05-01,412,"Channel",35.5,3.5,"U","Y","N",NA,"CHI16-KP-03",25.0791803132159,630147,4464261
2016-06-07,420,"Channel",33.9,3.2,"U","S","N",NA,"CHLD16-AA-06",6731.427748,629965,4464291
2016-06-07,420,"Pond/Pool",41.1,6.5,"M","S","N","982000403132133","CHI16-NN-04",0,629936,4464262
2016-06-07,420,NA,NA,NA,NA,NA,NA,NA,"CHI16-BH-05",0,NA,NA
2016-06-07,420,"Main Stream",60.5,21,"F","A","Y","985120031453726","CHI16-BH-06",213.9332295,629936,4464266
2016-06-07,420,"Main Stream",50.5,12,"M","A","N","982000403130962","CHI16-BH-04",0,629911,4464262
2016-06-07,420,"Backwater habitat",44.9,10,"M","S","N","982000403130955","CHI16-BH-03",0,629903,4464264
2016-06-07,420,"Main Stream",60.8,23.5,"F","A","Y","982000363602958","CHI16-BH-02",0,629851,4464305
2016-06-07,420,"Main Stream",59.4,24,"F","A","N","982000403132127","CHLD16-BH-05",0,630123,4464246
2016-06-07,420,"Main Stream",37.5,5.5,"M","S","N","982000403132137","CHLD16-AA-05",0,629831,4464391
2016-06-07,420,"Main Stream",38.2,6.1,"M","S","Y",NA,"CHI16-BH-01",0,629841,4464305
2016-06-27,421,"Main Stream",45,9.5,"M","S","N","982000403130874","CHI16-LE-03",125.676813,629956,4464274
2016-06-27,421,"Backwater habitat",50.6,12,"M","A","Y","982000363602835","CHI16-NN-10",0,629903,4464280
2016-06-27,421,"Backwater habitat",38.3,6.5,"M","S","Y",NA,"CHI16-NN-07",0,629904,4464274
2016-06-27,450,"Main Stream",43.3,7.25,"M","Y","Y","982000403132117","CHI16-AA-12_JUN29",2244.250036,629846,4464313
2016-06-27,449,NA,NA,NA,NA,NA,NA,NA,"CHI16-AA-05",0,NA,NA
2016-06-27,450,"Pond/Pool",50.3,11,"F","S","Y","982000403130995","CHI16-AA-10",0,630032,4464326
2016-06-27,450,"Channel",51.8,13,"M","A","Y","982000403130827","CHI16-AA-11",256.2782446,629888,4464299
2016-06-27,450,"Main Stream",60.9,27.5,"F","A","Y","982000363602938","CHI16-LE-06",0,629878,4464273
2016-06-27,450,"Main Stream",52,15.2,"M","A","N","982000403131105","CHI16-LE-07",0,629884,4464264
2016-06-27,449,"Backwater habitat",44.3,8,"M","S","N","982000403131099","CHI16-AA-07",0,629907,4464273
2016-06-27,449,"Main Stream",42.2,6.8,"M","S","Y","982000403132133","CHI16-AA-08",161.3769705,629938,4464262
2016-06-27,421,"Main Stream",64.5,22,"F","A","N","982000403132119","CHI16-NN-06",0,629894,4464272
2016-06-27,449,"Channel",42.6,7.75,"F","S","Y","982000363602939","CHI16-NN-11",1052.521847,629868,4464307
2016-06-27,450,"Backwater habitat",42.5,7.5,"M","S","Y","982000403131099","CHI16-LE-04",0,629901,4464272
2016-06-27,421,"Main Stream",57.7,20,"F","A","Y","982000363602943","CHI16-NN-08",0,629925,4464292
2016-06-27,421,"Channel",54,15.5,"M","A","N","982000403131005","CHI16-NN-05",0,629889,4464304
2016-06-27,421,NA,NA,NA,NA,NA,"Y","982000363602958","NO SWAB TAKEN",NA,NA,NA
2016-06-27,449,NA,NA,NA,NA,NA,NA,NA,"CHI16-AA-06",6731.42774812786,NA,NA
2016-06-27,450,"Backwater habitat",62.5,21.7,"F","A","Y","982000403132119","CHI16-LE-05",0,629900,4464272
2016-06-27,421,"Main Stream",60,19.5,"M","A","N","982000403130959","CHI16-NN-09",251.4285215,629925,4464292
2016-06-27,449,"Main Stream",50.7,13,"M","A","Y","982000363602835","CHI16-AA-09",0,629906,4464264
2016-07-13,423,"Channel",62.4,28,"F","A","Y","982000403132119","CHI16-AA-13_JUL13",1702.630574,629876,4464270
2016-07-13,423,"Channel",38.6,5.2,"F","S","N","982000403130825","CHI16-LE-08",136.7716049,629827,4464391
2016-07-13,424,"Channel",48.4,11.5,"M","A","N","982000403130755","CHI16-AA-15_JUL14",0,629917,4464273
2016-07-13,424,"Pond/Pool",37.1,5,"U","Y","N","982000363602957","CHI16-AA-17_JUL14",0,630093,4464246
2016-07-13,424,"Pond/Pool",48.2,14.5,"F","S","N","982000403132143","CHI16-AA-16_JUL14",411.486007,630078,4464317
2016-07-13,424,"Backwater habitat",62.4,25,"F","A","Y","982000403132119","CHI16-AA-14_JUL14",1154.409927,629901,4464280
2016-07-31,452,"Main Stream",49.8,13.5,"M","S","N","982000403132187","CHI16-AA-22",0,629975,4464287
2016-07-31,451,"Backwater habitat",43.8,6.9,"F","S","N","982000403131044","CHI16-LE-13",0,629910,4464273
2016-07-31,451,"Channel",52.5,14,"M","A","Y","982000403130827","CHI16-AA-18_JUL31",0,629891,4464301
2016-07-31,451,"Backwater habitat",50.5,13.7,"M","A","N","982000403132208","CHI16-LE-12",0,629910,4464273
2016-07-31,451,"Main Stream",59.6,21.4,"F","A","Y","985120031453726","CHI16-LE-11",0,629947,4464268
2016-07-31,451,"Main Stream",63.4,25.2,"F","A","Y","982000363602943","CHI16-LE-14",0,629920,4464279
2016-07-31,451,"Main Stream",51.2,12.6,"M","A","N","982000403132252","CHI16-LE-09",0,NA,NA
2016-07-31,452,"Main Stream",50.8,12.5,"M","A","Y","982000403130874","CHI16-AA-21",0,629975,4464287
2016-07-31,452,"Main Stream",48.5,8.5,"M","S","N","982000403132255","CHI16-AA-20",130.8954507,629975,4464285
2016-07-31,452,"Main Stream",42.5,7.8,"F","S","Y","982000403131044","CHI16-NN-14",0,629918,4464274
2016-07-31,452,"Main Stream",48.5,13.5,"M","S","Y","982000403132208","CHI16-NN-13",0,629914,4464272
2016-07-31,452,"Main Stream",61.6,27,"F","A","Y","982000363602958","CHI16-NN-12",1239.55398,629853,4464285
2016-07-31,451,"Main Stream",42.2,6.7,"M","S","Y","982000403132133","CHI16-LE-10",0,629947,4464273
2016-07-31,451,"Main Stream",59.9,23,"F","A","Y","982000403130854","CHI16-AA-19_JUL31",0,630176,4464228
2016-08-16,455,"Main Stream",63,33,"F","A","N","985120031195554","CHI16-NN-35",0,629898.9,4464273.3
2016-08-16,455,"Pond/Pool",43.9,11,"M","S","Y","982000403132133","CHI16-NN-36",0,629922.5,4464273.7
2016-08-16,455,"Pond/Pool",45.5,10,"M","S","Y","982000403132255","CHI16-NN-37",147.6757264,629947,4464268
2016-08-16,455,"Main Stream",48,14,"M","S","Y","982000403132283","CHI16-NN-38",0,629947,4464268
2016-08-16,455,"Main Stream",48.7,12.5,"M","S","Y","982000403130962","CHI16-NN-39",0,629947,4464268
2016-08-16,455,"Main Stream",48.1,12.75,"M","S","Y","982000403130896","CHI16-NN-40",0,629947,4464268
2016-08-16,455,"Main Stream",19.4,0.9,"U","M","N",NA,"CHI16-NN-41",0,629947,4464268
2016-08-16,455,"Main Stream",51.2,17,"F","A","Y","982000403130951","CHI16-NN-42",0,NA,NA
2016-08-16,455,"Main Stream",47,13,"M","S","Y","982000403132187","CHI16-NN-43",441.8515917,NA,NA
2016-08-16,455,"Main Stream",49.9,12.5,"F","S","Y","982000403132297","CHI16-NN-44",0,630064.1,4464276.1
2016-08-16,454,"Main Stream",46.4,12,"M","S","N","982000403132321","CHI16-NN-27",0,630184,4464221
2016-08-16,454,"Main Stream",23.3,1.5,"U","M","N",NA,"CHI16-NN-28",0,630183.2,4464216.5
2016-08-16,455,"Main Stream",48.1,14,"M","S","N","982000363602871","CHI16-NN-34",0,629826,4464395.4
2016-08-16,454,"Main Stream",22.1,1.5,"U","M","N",NA,"CHI16-NN-31",0,630064.1,4464276.1
2016-08-16,454,"Main Stream",60.5,25,"F","A","Y","982000363602883","CHI16-NN-30",0,630183.2,4464216.5
2016-08-16,454,"Main Stream",53.7,16.5,"F","A","Y","982000403130995","CHI16-NN-33",0,630064.1,4464276.1
2016-08-16,453,"Main Stream",45.5,11,"M","S","Y","982000403132117","CHI16-NN-15",0,629827.6,4464302.9
2016-08-16,453,"Main Stream",54.9,20,"F","A","N","982000403130969","CHI16-NN-16",0,629827.6,4464302.9
2016-08-16,453,"Main Stream",59,27.5,"F","A","Y","982000363602958","CHI16-NN-17",150.364536,629827.6,4464302.9
2016-08-16,453,"Main Stream",58.2,24,"F","A","Y","982000363602943","CHI16-NN-18",321.6984823,629922.5,4464273.7
2016-08-16,453,"Main Stream",45.7,10,"M","S","Y","982000403132255","CHI16-NN-19",810.3966428,629928,4464260
2016-08-16,453,"Pond/Pool",47.6,13.5,"M","S","N","982000403132283","CHI16-NN-20",0,629928,4464260
2016-08-16,453,"Pond/Pool",56.2,25,"F","A","Y","985120031453726","CHI16-NN-21",177.6498805,629928,4464260
2016-08-16,453,"Pond/Pool",51.8,13,"M","A","Y","982000403130962","CHI16-NN-22",0,629928,4464260
2016-08-16,453,"Main Stream",61.7,29,"F","A","Y","985120031597662","CHI16-NN-23",0,629922.5,4464273.7
2016-08-16,453,"Main Stream",48.4,13.5,"M","S","Y","982000403130874","CHI16-NN-24",1137.311067,629922.5,4464273.7
2016-08-16,453,"Main Stream",64,30,"F","A","Y","982000403130992","CHI16-NN-25",0,629922.5,4464273.7
2016-08-16,453,"Main Stream",63.3,30,"F","A","Y","982000363602641","CHI16-NN-26",0,629922.5,4464273.7
2016-08-16,454,"Main Stream",56.3,22.5,"F","A","Y","982000403130854","CHI16-NN-29",0,630183.2,4464216.5
2016-08-16,454,"Main Stream",49.5,12.5,"F","S","N","982000403132297","CHI16-NN-32",0,630064.1,4464276.1
2016-09-16,456,"Channel",52.6,16.5,"M","A","N","982000403131002","CHI16-NN-55",828.7367384,629891,4464307
2016-09-16,456,"Pond/Pool",21.4,1,"U","M","N",NA,"CHI16-NN-45",0,630081,4464313
2016-09-16,456,"Pond/Pool",20.7,0.8,"U","M","N",NA,"CHI16-NN-46",0,630081,4464313
2016-09-16,456,"Main Stream",46.4,11,"F","S","Y","982000403132201","CHI16-NN-47",0,629835,4464371
2016-09-16,456,"Backwater habitat",37.4,5.6,"F","S","N","982000403132278","CHI16-NN-48",121.9909606,629833,4464286
2016-09-16,456,"Backwater habitat",48,11,"M","S","Y","982000403131099","CHI16-NN-50",0,629896,4464265
2016-09-16,456,"Backwater habitat",49.3,13,"M","A","Y","982000403130896","CHI16-NN-51",179.6434509,629901,4464275
2016-09-16,456,"Backwater habitat",51.1,12,"F","A","Y","982000403132143","CHI16-NN-52",0,629916,4464271
2016-09-16,456,"Main Stream",56.8,24.5,"F","A","Y","982000403130854","CHI16-NN-54",0,630190,4464221
2016-09-16,456,"Backwater habitat",46.4,11.5,"F","S","Y","982000403131044","CHI16-NN-49",549.1340288,629896,4464265
2016-09-16,457,"Backwater habitat",46.4,11.5,"F","S","Y","982000403131044","CHI16-NN-19",810.3966428,629896,4464265
2016-09-16,457,"Channel",49.8,13,"M","A","Y","982000403132117","CHI16-AA-12_SEP17",2244.250036,629839,4464376
2016-09-16,457,"Channel",62.4,31,"F","A","N","985120031640798","CHI16-RS-01",483.0154265,629840,4464374
2016-09-16,457,"Backwater habitat",47.6,11.5,"M","S","Y","982000403132255","CHI16-AA-17_SEP17",0,629926,4464272
2016-09-16,457,"Channel",66.9,29,"F","A","N","985120031464811","CHI16-RS-05",181.959676,630147,4464240
2016-09-16,456,"Main Stream",44.8,10.5,"M","S","Y","982000403132255","CHI16-NN-53",0,629920,4464265
2016-09-16,457,"Channel",47.7,11.5,"M","S","N","982000403131081","CHI16-AA-18_SEP17",0,629987,4464280
2016-09-16,457,"Channel",47.4,12,"F","S","Y","982000403132201","CHI16-RS-02",194.976955,629850,4464364
2016-09-16,457,"Backwater habitat",46.7,13,"M","S","Y","982000403130896","CHI16-RS-04",0,629926,4464266
2016-09-16,457,"Backwater habitat",68.1,36,"F","A","Y","985120031195554","CHI16-RS-03",0,629903,4464270
2016-09-16,457,"Channel",51.5,14.5,"M","A","Y","982000403132283","CHI16-AA-16_SEP17",411.486007,629919,4464273
2016-09-16,457,"Backwater habitat",51.9,13.5,"M","A","Y","982000403130874","CHI16-RS-06",0,629919,4464273
2016-09-16,457,"Channel",60.8,25.5,"F","A","Y","982000363602483","CHI16-AA-13_SEP17",1702.630574,629864,4464315
2016-09-16,457,"Backwater habitat",53,14,"F","A","Y","982000403132297","CHI16-AA-19_SEP17",0,630081,4464245
2016-09-16,457,"Backwater habitat",46.9,11,"M","S","Y","982000403131099","NO SWAB TAKEN",NA,NA,NA
2016-09-16,457,"Backwater habitat",47.1,10.5,"M","S","Y","982000403132133","CHI16-AA-15_SEP17",0,629903,4464276
2016-09-16,457,"Backwater habitat",48.3,12,"M","S","N","982000403132241","CHI16-AA-14_SEP17",1154.409927,629906,4464277
2017-05-24,469,"Channel",52.3,14.5,"M","A","Y","982000403130874","CHI17-AM-02",0,629920,4464280
2017-05-24,469,"Channel",59.4,19.5,"M","A","Y","982000403130959","CHI17-AM-01",421.9547629,629924,4464285
2017-05-24,469,"Channel",NA,NA,NA,"S",NA,NA,"NO SWAB TAKEN",NA,629930,4464281
2017-05-24,469,"Channel",45.5,11.25,"M","S","Y","982000403132241","CHI17-AM-03",0,629925,4464288
2017-05-24,469,"Channel",30.4,3.25,"U","Y","N",NA,"CHI17-AM-04",0,629921,4464304
2017-05-24,469,"Channel",50,12,"F","A","N","982000403130940","CHI17-GH-02",0,629886,4464262
2017-05-24,469,"Channel",67,27.75,"F","A","Y","982000403130867","CHI17-GH-03",0,629888,4464259
2017-05-24,469,"Main Stream",62,24.5,"F","A","Y","982000403132119","CHI17-AB-01",0,629892,4464270
2017-05-24,469,"Main Stream",60,18.25,"F","A","Y","982000403130969","CHI17-AM-05",0,629892,4464270
2017-05-24,469,"Channel",50.9,12.5,"M","A","Y","982000403132208","CHI17-GH-01",0,629920,4464280
2017-06-01,470,"Main Stream",49.4,12,"M","S","Y","982000403130825","CHI17-SR-01",572.5517446,NA,NA
2017-06-01,470,"Channel",55.4,15.5,"M","A","Y","982000403131002","CHI17-KP-01",574.4243316,629879,4464302
2017-06-01,470,"Channel",61.4,24,"F","A","Y","982000363602938","CHI17-SR-02",51.89898963,629902,4464289
2017-06-01,470,"Main Stream",52,13,"M","A","Y","982000403130874","CHI17-MC-01",0,NA,NA
2017-06-01,470,"Backwater habitat",49.1,15,"M","A","Y","982000403130923","CHI17-MC-02",0,629918,4464279
2017-06-09,473,"Main Stream",55.1,20,"F","A","Y","982000403130969","CHI17-NN-02",0,629835,4464318
2017-06-09,473,"Channel/Pond/Pool",33.2,4.5,"U","Y","Y","982000403132306","CHI17-NN-03",283.2563579,629913,4464252
2017-06-09,473,"Pond/Pool",48.1,12.5,"M","A","N","982000403131111","CHI17-NN-05",129.4487292,629937,4464270
2017-06-09,473,"Channel/Pond/Pool",28.8,2.7,"U","Y","Y",NA,"CHI17-NN-04",1484.466649,629913,4464252
2017-06-09,473,"Pond/Pool",47.9,12,"M","A","Y","982000403132133","CHI17-NN-07",421.6391511,629937,4464270
2017-06-09,473,"Main Stream",63.4,26,"F","A","Y","985120031597662","CHI17-NN-08",405.4381543,629992,4464284
2017-06-09,473,"Backwater habitat",55,16,"F","A","Y","982000403132297","CHI17-NN-09",0,630103,4464251
2017-06-09,473,"Backwater habitat",49.2,12.5,"M","A","N","4679576E18","CHI17-NN-01",1544.521545,629895,4464247
2017-06-09,471,"Channel/Pond/Pool",34.7,4.2,"U","Y","N","982000403132306","CHI17-KC-03",102.1815115,629922,4464277
2017-06-09,471,"Channel/Pond/Pool",31,1.6,"U","Y","N",NA,"CHI17-KC-02",0,629922,4464277
2017-06-09,471,"Main Stream",49.8,13.5,"M","A","Y","982000403131081","CHI17-KC-01",0,629848,4464286
2017-06-09,473,"Pond/Pool",48,12.5,"M","A","Y","982000403132241","CHI17-NN-06",619.532169,629937,4464270
2017-06-09,471,"Backwater habitat",31.2,2.6,"U","Y","N",NA,"CHI17-KC-04",120.160409,629916,4464269
2017-06-23,481,"Backwater habitat",60.8,20,"M","A","Y","982000403132297","CHI17-KC-21",0,630101,4464247
2017-06-23,474,"Channel",64.9,26,"F","A","Y","982000403132119","CHI17-MC-14",0,629880,4464272
2017-06-23,474,"Channel",66.4,28.5,"F","A","Y","982000363602938","CHI17-MC-13",0,629880,4464272
2017-06-23,474,"Channel",52.7,13,"M","A","Y","982000403131099","CHI17-MC-12",0,629880,4464272
2017-06-23,474,"Main Stream",64.5,30,"F","A","Y","985120031195554","CHI17-MC-10",0,629886,4464276
2017-06-23,481,"Channel/Pond/Pool",61,21,"F","A","Y","982000403130995","CHI17-MC-09",0,630128,4464239
2017-06-23,481,"Pond/Pool",49.7,12.5,"M","A","Y","982000403132241","CHI17-KC-20",86.3436541,629928,4464260
2017-06-23,481,"Pond/Pool",46.2,12,"M","A","Y","982000403132133","CHI17-MC-08",0,629940,4464263
2017-06-23,481,"Backwater habitat",47.7,14,"M","A","Y","982000403132208","CHI17-MC-07",0,629898,4464260
2017-06-23,481,"Channel",51.1,13.5,"M","A","Y","982000403130828","CHI17-MC-06",0,629881,4464272
2017-06-23,474,"Backwater habitat",51.5,14.5,"M","A","Y","982000403132208","CHI17-MC-11",126.13861,629897,4464265
2017-07-07,476,"Main Stream",48.6,10,"M","S","N","982000403132268","CHI17-KC-36",0,630094,4464263
2017-07-07,476,"Main Stream",64.3,27.5,"F","A","Y","982000403132119","CHI17-KC-33",256.8973586,629908,4464262
2017-07-07,476,"Main Stream",43.2,8,"M","S","N","982000403130906","CHI17-KC-35",0,630087,4464268
2017-07-07,475,"Main Stream",55.5,17,"M","A","Y","982000403130874","CHI17-KC-30",0,629910,4464265
2017-07-07,475,"Channel",46,10,"U","S","N","982000407481646","CHI17-KC-31",0,630103,4464267
2017-07-07,475,"Pond/Pool",NA,NA,NA,"L","N",NA,"CHI17-KC-32",0,NA,NA
2017-07-07,476,"Main Stream",50.8,14.8,"M","A","Y","982000403132208","CHI17-KC-34",0,629908,4464268
2017-07-31,478,"Main Stream",39.4,5,"U","Y","Y","982000407481613","CHI17-AB-20",0,629840,4464307
2017-07-31,478,"Main Stream",50.1,14.5,"M","A","Y","982000403130828","CHI17-AB-27",156.4916832,629913,4464281
2017-07-31,478,"Backwater habitat",20.8,0.6,"U","M","N",NA,"CHI17-AB-26",4920.351672,629927,4464285
2017-07-31,478,"Main Stream",52.3,14,"M","A","N","982000403130883","CHI17-AB-25",0,629883,4464259
2017-07-31,478,"Main Stream",37.4,4.6,"U","Y","N","982000403132226","CHI17-AB-24",37.43399448,629883,4464259
2017-07-31,478,"Main Stream",49.6,11.75,"M","A","N","982000407481627","CHI17-AB-23",263.0197174,629876,4464261
2017-07-31,478,"Main Stream",51.8,15.5,"M","A","Y","4679576E18","CHI17-AB-21",0,629835,4464296
2017-07-31,478,"Main Stream",66.1,29,"F","A","Y","985120031597662","CHI17-AB-28",0,629987,4464290
2017-07-31,478,"Main Stream",44.8,8,"U","S","Y","982000407481583","CHI17-AB-18",554.0463181,629840,4464307
2017-07-31,477,"Backwater habitat",44.5,8.8,"M","S","Y","982000403132306","CHI17-KC-58",0,629920,4464276
2017-07-31,478,"Main Stream",23,1,"U","M","N",NA,"CHI17-AB-22",0,629876,4464261
2017-07-31,477,"Main Stream",54.4,15,"M","A","Y","982000403130874","CHI17-KC-54",242.3819014,629869,4464282
2017-07-31,477,"Main Stream",51.4,11.2,"M","A","Y","982000403132268","CHI17-AB-16",208.3269386,630090,4464257
2017-07-31,477,"Main Stream",41.8,5.8,"U","S","N","982000407481644","CHI17-AB-15",0,629950,4464271
2017-07-31,477,"Backwater habitat",23.9,1.3,"U","M","N",NA,"CHI17-KC-61",0,629920,4464276
2017-07-31,477,"Backwater habitat",49.4,12.5,"M","A","Y","982000403132133","CHI17-KC-60",0,629920,4464276
2017-07-31,477,"Backwater habitat",62.4,27,"F","A","Y","982000363602483","CHI17-KC-59",248.932223,629920,4464276
2017-07-31,477,"Main Stream",47.8,13.5,"M","S","Y","982000403130828","CHI17-KC-56",0,629907,4464262
2017-07-31,477,"Main Stream",44.5,9,"M","S","N","982000407481626","CHI17-KC-55",0,629853,4464284
2017-07-31,478,"Main Stream",51.4,11.1,"M","A","Y","982000403132268","CHI17-AB-29",3737.562679,630094,4464264
2017-07-31,477,"Main Stream",44.9,7.3,"U","S","N","982000407481583","CHI17-KC-53",0,629839,4464307
2017-07-31,477,"Main Stream",62.8,24,"F","A","Y","982000403130969","CHI17-KC-52",0,629841,4464299
2017-07-31,477,"Main Stream",69.3,35.3,"F","A","Y","982000403130867","CHI17-KC-51",341.1708262,629841,4464299
2017-07-31,477,"Main Stream",37.3,4.5,"U","Y","Y","982000407481613","CHI17-KC-50",198.8283384,629839,4464307
2017-07-31,478,"Backwater habitat",NA,NA,NA,NA,"D","982000403132306","NO SWAB TAKEN",NA,629920,4464272
2017-07-31,478,"Wet Meadow (no distinct edges)",41,6.4,"U","S","N","982000403132302","CHI17-AB-30",324.5018256,630110,4464298
2017-07-31,477,"Main Stream",63.4,30,"F","A","Y","982000403132119","CHI17-KC-57",0,629902,4464267
2017-07-31,478,"Main Stream",55.3,17.75,"M","A","Y","982000403131002","CHI17-AB-19",0,629840,4464307
2017-08-30,479,"Backwater habitat",18,0.8,"U","M","N",NA,"CHI17-KP-12",0,630105,4464258
2017-08-30,479,"Main Stream",61,23.5,"F","A","Y","982000403130951","CHI17-KP-19",232.3605135,630017,4464291
2017-08-30,479,"Pond/Pool",24,1.4,"U","M","N",NA,"NO SWAB TAKEN",NA,629411,4465310
2017-08-30,479,"Pond/Pool",22.5,1.4,"U","M","N",NA,"CHI17-KP-15",179094.6232,629916,4464273
2017-08-30,479,"Backwater habitat",21.5,1.2,"U","M","N",NA,"CHI17-KP-10",0,630105,4464258
2017-08-30,479,"Main Stream",25,1.5,"U","M","N",NA,"CHI17-KP-18",702.1611886,629922,4464275
2017-08-30,479,"Backwater habitat",17.6,0.8,"U","M","N",NA,"CHI17-KP-11",0,630105,4464258
2017-08-30,479,"Main Stream",24.4,1.5,"U","M","N",NA,"CHI17-KP-17",68560,629922,4464275
2017-08-30,479,"Main Stream",55.8,17,"F","A","Y","982000363602957","CHI17-KP-20",0,629922,4464267
2017-08-30,480,"Backwater habitat",60.5,22.5,"F","A","Y","982000403132297","CHI17-AC-13",0,630096,4464266
2017-08-30,479,NA,NA,NA,NA,NA,NA,NA,"CHI17-KP-23",0,NA,NA
2017-08-30,479,"Backwater habitat",21,1.2,"U","M","N",NA,"CHI17-KP-13",181223.1922,630088,4464262
2017-08-30,479,"Pond/Pool",23.3,1.5,"U","M","N",NA,"CHI17-KP-21",0,629921,4464317
2017-08-30,479,"Pond/Pool",23,1.5,"U","M","N",NA,"CHI17-KP-22",330.206309,629921,4464317
2017-08-30,479,"Backwater habitat",60.5,22.5,"F","A","Y","982000403132297","CHI17-KP-14",0,630088,4464262
2017-08-30,480,"Main Stream",55.4,22.5,"M","A","Y","982000403130959","CHI17-AC-14",0,629910,4464267
2017-08-30,480,"Backwater habitat",21.5,1.2,"U","M","Y",NA,"CHI17-AC-10",0,630105,4464258
2017-08-30,480,"Backwater habitat",21.5,1.2,"U","M","N",NA,"CHI17-AC-11",0,630105,4464258
2017-08-30,480,"Backwater habitat",21.5,1.2,"U","M","N",NA,"CHI17-AC-12",67.57772118,630105,4464258
2017-08-30,479,"Main Stream",50.5,13,"M","A","Y","982000403130883","CHI17-KP-16",180.6865343,629895,4464269
2018-05-27,509,"Main Stream",66.2,34,"F","A","N",NA,"CHI18-KC-01",173.8490965,629840,4464303
2018-05-27,509,"Main Stream",69,29.5,"F","A","Y","985120031195554","CHI18-KC-03",2005.704082,629852,4464285
2018-05-27,510,"Pond/Pool",28.5,2.6,"U","Y","N",NA,"CHI18-NN-03",1206.920309,629921,4464284
2018-05-27,509,"Main Stream",53,16.5,"M","A","Y","982000403130874","CHI18-KC-04",352.9860982,629894,4464267
2018-05-27,509,"Main Stream",51,12,"M","A","Y","982000403130883","CHI18-KC-05",0,629929,4464265
2018-05-27,509,"Channel/Pond/Pool",44.5,10,"M","A","Y","982000403132241","CHI18-KC-06",366.8984525,629926,4464263
2018-05-27,509,"Main Stream",60,19,"F","A","N","982126051297472","CHI18-ES-01",692.1226925,630184,4464221
2018-05-27,509,"Channel/Pond/Pool",25.5,1.5,"U","Y","N",NA,"CHI18-KC-07",1047.590729,629919,4464304
2018-05-27,510,"Channel/Pond/Pool",34.9,3.6,"U","Y","N",NA,"CHI18-KC-08",3104.525537,629222,4465659
2018-05-27,510,"Main Stream",49.2,12.5,"M","S","Y","982000403130825","CHI18-NN-01",0,629833,4464391
2018-05-27,510,"Channel",51.9,15.6,"M","A","Y","982000403130874","CHI18-SC-02",664.5670888,629886,4464259
2018-05-27,509,"Main Stream",53,14,"M","A","Y","982000403131081","CHI18-KC-02",1491.557924,629852,4464287
2018-05-27,510,"Channel",45.1,10,"M","S","Y","982000407481626","CHI18-SC-01",0,629834,4464302
2018-05-27,510,"Channel",61.8,19,"F","A","N","982126051297539","CHI18-KC-09",261.6453175,629923,4464287
2018-05-27,510,"Channel",56.4,18.5,"F","A","Y","982126051297472","CHI18-ES-02",0,630179,4464222
2018-05-27,510,"Channel",64,20.5,"F","A","Y","982000403132297","CHI18-KC-11",0,630095,4464251
2018-05-27,510,"Main Stream",57.9,17.5,"F","A","Y","982000363602957","CHI18-KC-10",530.0604429,629910,4464265
2018-05-27,510,"Pond/Pool",34.2,4.1,"U","Y","N",NA,"CHI18-NN-02",859.1115091,629902,4464275
2018-06-21,517,"Main Stream",60.7,25,"F","A","Y","982000403130969","CHI18-SC-201",296.6775578,629872,4464283
2018-06-21,526,"Pond/Pool",37.4,5,"U","S","N","982126051297452","CHI18-KC-202",432.1635219,630035,4464324
2018-06-21,526,"Main Stream",54.6,19,"F","A","Y","982000363602957","CHI18-ES-202",0,629910,4464264
2018-06-21,526,"Main Stream",45.4,11,"U","S","Y","982000403132226","CHI18-ES-201",0,629897,4464266
2018-06-21,526,"Pond/Pool",38.3,4.5,"U","S","N","982126051297519","CHI18-KC-201",2296.638337,629334,4465509
2018-06-21,517,NA,NA,NA,NA,NA,NA,NA,"CHI18-JM-201",0,NA,NA
2018-06-21,517,NA,NA,NA,NA,NA,NA,NA,"CHI18-ED-202",1014.03526010492,NA,NA
2018-06-21,517,NA,NA,NA,NA,NA,NA,NA,"CHI18-ED-201",293.919437729247,NA,NA
2018-06-21,517,"Backwater habitat",48.9,11,"M","A","Y","982000403132241","CHI18-CB-201",0,629938,4464260
2018-06-21,517,"Channel",60.8,22,"F","A","Y","982126051297539","CHI18-ES-203",0,629927,4464280
2018-06-21,517,"Main Stream",37.45,4.3,"M","S","N","982126051297496","CHI18-KC-203",4804.161324,629834,4464397
2018-06-21,517,"Pond/Pool",37.5,4.9,"U","Y","Y",NA,"CHI18-BJ-201",328.4954717,629949,4464283
2018-09-27,513,"Main Stream",66.7,32,"F","A","Y","982126051297539","CHI18-KP-01",2258.198387,629886,4464306
2018-09-27,513,"Pond/Pool",19.6,1,NA,"M","N",NA,"CHI18-KP-18E",180.5590395,629937,4464311
2018-09-27,513,"Pond/Pool",19.8,0.9,NA,"M","N",NA,"CHI18-KP-11E",0,629921,4464310
2018-09-27,513,"Pond/Pool",18.6,0.8,"U","M","N",NA,"CHI18-KP-12E",271.3799519,629921,4464310
2018-09-27,513,"Pond/Pool",43.9,9,"F","S","N","982000403131101","CHI18-KP-30",0,630095,4464252
2018-09-27,513,"Pond/Pool",37.2,4.9,"U","S","N","982000403130985","CHI18-KP-26",538.1063087,629962,4464297
2018-09-27,513,"Main Stream",26.8,1.6,NA,"M","N",NA,"CHI18-KP-43E",72685.65842,629859,4464279
2018-09-27,513,"Pond/Pool",46.4,9,"M","A","Y","982126051297452","CHI18-KP-27",1090.42599,630032,4464324
2018-09-27,513,"Main Stream",25.5,1.5,NA,"M","N",NA,"CHI18-KP-42E",7341.116106,629859,4464279
2018-09-27,513,"Main Stream",21,1,NA,"M","N",NA,"CHI18-KP-41E",3804.249615,629900,4464263
2018-09-27,513,"Main Stream",64,30,"F","A","Y","982000363602862","CHI18-KP-02",447.3494271,629886,4464306
2018-09-27,513,"Main Stream",20.9,1,NA,"M","N",NA,"CHI18-KP-40E",156361.8343,629919,4464271
2018-09-27,513,"Pond/Pool",20,0.8,NA,"M","N",NA,"CHI18-KP-10E",32351.25442,629921,4464310
2018-09-27,513,"Main Stream",47,8,"M","A","N","982000403132138","CHI18-KP-39",0,629921,4464290
2018-09-27,513,"Pond/Pool",37.2,5.5,"U","S","N",NA,"CHI18-KP-29",182.531629,630095,4464252
2018-09-27,513,"Pond/Pool",21,1,NA,"M","N",NA,"CHI18-KP-24E",146.8791835,629943,4464317
2018-09-27,513,"Pond/Pool",20.6,1.1,NA,"M","N",NA,"CHI18-KP-19E",0,629937,4464311
2018-09-27,513,"Main Stream",20.6,1,NA,"M","N",NA,"CHI18-KP-31E",1304.541638,630094,4464253
2018-09-27,513,"Main Stream",24,1.2,NA,"M","N",NA,"CHI18-KP-32E",535.1907968,630094,4464253
2018-09-27,513,"Pond/Pool",22.4,1.1,NA,"M","N",NA,"CHI18-KP-33E",39769.49821,630086,4464247
2018-09-27,513,"Pond/Pool",20.3,1,NA,"M","N",NA,"CHI18-KP-34E",0,630086,4464247
2018-09-27,513,"Pond/Pool",22,1.2,NA,"M","N",NA,"CHI18-KP-35E",6203.249307,630086,4464247
2018-09-27,513,"Pond/Pool",21.5,1,NA,"M","N",NA,"CHI18-KP-36E",2410.324177,630086,4464247
2018-09-27,513,"Main Stream",23,1.2,NA,"M","N",NA,"CHI18-KP-37E",12167.20049,629936,4464268
2018-09-27,513,"Pond/Pool",59,25,"M","A","Y","982000403130959","CHI18-KP-38",808.7729341,629916,4464276
2018-09-27,513,"Pond/Pool",47,9.8,"M","S","N","982000403131012","CHI18-KP-28",0,630095,4464252
2018-09-27,513,NA,20,1,NA,"M","N",NA,"CHI18-KP-14E",190.639858,629937,4464311
2018-09-27,513,"Main Stream",24.5,1.2,NA,"M","N",NA,"CHI18-KP-03E",23735.73288,629886,4464306
2018-09-27,513,"Main Stream",23.3,1.3,NA,"M","N",NA,"CHI18-KP-04E",464.689666,629886,4464306
2018-09-27,513,"Main Stream",22,1,NA,"M","N",NA,"CHI18-KP-05E",0,629886,4464306
2018-09-27,513,"Main Stream",24.5,1.3,NA,"M","N",NA,"CHI18-KP-06E",14089.50493,629886,4464306
2018-09-27,513,"Main Stream",50,11.5,"F","S","N","982000403131035","CHI18-KP-07",668.7225431,629910,4464292
2018-09-27,513,"Pond/Pool",18.5,0.9,NA,"M","N",NA,"CHI18-KP-17E",1577.751459,629937,4464311
2018-09-27,513,"Pond/Pool",20.4,1,NA,"M","N",NA,"CHI18-KP-16E",2282.86898,629937,4464311
2018-09-27,513,"Pond/Pool",20,1,NA,"M","N",NA,"CHI18-KP-15E",4240.899155,629937,4464311
2018-09-27,513,"Pond/Pool",19,0.8,NA,"M","N",NA,"CHI18-KP-08E",2995.389735,629921,4464310
2018-09-27,513,"Main Stream",45.3,10,"F","S","N","982000403130792","CHI18-AA-01",8454.885197,629858,4464330
2018-09-27,513,"Pond/Pool",19,0.9,NA,"M","N",NA,"CHI18-KP-09E",0,629921,4464310
2018-09-27,513,"Pond/Pool",19.4,1,NA,"M","N",NA,"CHI18-KP-25E",437.7328073,629943,4464317
2018-09-27,513,"Pond/Pool",19.2,0.9,NA,"M","N",NA,"CHI18-KP-13E",113.7800815,629937,4464311
2018-09-27,513,"Pond/Pool",20,1,NA,"M","N",NA,"CHI18-KP-20E",1283.451921,629937,4464311
2018-09-27,513,"Pond/Pool",20,1,NA,"M","N",NA,"CHI18-KP-21E",1228.864585,629937,4464311
2018-09-27,513,"Pond/Pool",20.3,1,NA,"M","N",NA,"CHI18-KP-22E",0,629943,4464317
2018-09-27,513,"Pond/Pool",20.4,1,NA,"M","N",NA,"CHI18-KP-23E",4779.316366,629943,4464317
2018-09-24,589,NA,NA,0.800000011920929,NA,NA,NA,NA,"ECH-AA-54",187.68960934495,NA,NA
2018-09-24,589,NA,21.3999996185303,0.699999988079071,NA,NA,NA,NA,"ECH-BJ-03",0,NA,NA
2018-09-24,589,NA,NA,0.800000011920929,NA,NA,NA,NA,"ECH-AA-51",NA,NA,NA
2018-09-24,589,NA,NA,1.5,NA,NA,NA,NA,"ECH-AA-65",67556.4,NA,NA
2018-09-24,589,NA,21,0.800000011920929,NA,NA,NA,NA,"ECH-BJ-10",10657.8513711284,NA,NA
2018-09-24,589,NA,NA,1,NA,NA,NA,NA,"ECH-AA-50",213.679123161384,NA,NA
2018-09-24,589,NA,22.7999992370605,0.899999976158142,NA,NA,NA,NA,"ECH-BJ-07",601.798212813796,NA,NA
2018-09-24,589,NA,NA,0.899999976158142,NA,NA,NA,NA,"ECH-AA-55",486.774635102275,NA,NA
2018-09-24,589,NA,21.8999996185303,0.800000011920929,NA,NA,NA,NA,"ECH-BJ-08",12426.3737533496,NA,NA
2018-09-24,589,NA,NA,0.899999976158142,NA,NA,NA,NA,"ECH-AA-52",NA,NA,NA
2018-09-24,589,NA,27,1.70000004768372,NA,NA,NA,NA,"ECH-BJ-25",24617.8252354056,NA,NA
2018-09-24,589,NA,NA,1.79999995231628,NA,NA,NA,NA,"ECH-AA-64",93967.0919805648,NA,NA
2018-09-24,589,NA,25.5,1.29999995231628,NA,NA,NA,NA,"ECH-BJ-27",13485.5645144395,NA,NA
2018-09-24,589,NA,NA,1.5,NA,NA,NA,NA,"ECH-AA-64",NA,NA,NA
2018-09-24,589,NA,NA,NA,NA,NA,NA,NA,"ECH-AA-66",8264.41905379592,NA,NA
2018-09-24,518,NA,NA,NA,"U","A","Y","982000403132137","NO SWAB TAKEN",NA,629906,4464304
2018-09-24,589,NA,22.5,0.800000011920929,NA,NA,NA,NA,"ECH-BJ-10",10657.8513711284,NA,NA
2018-09-24,589,NA,NA,1,NA,NA,NA,NA,"ECH-AA-53",146.879183477606,NA,NA
2018-09-24,589,NA,25.1000003814697,1.29999995231628,NA,NA,NA,NA,"ECH-BJ-12",3285.19210541673,NA,NA
2018-09-24,589,NA,24.1000003814697,0.800000011920929,NA,NA,NA,NA,"ECH-BJ-05",14916.3083778288,NA,NA
2018-09-24,589,NA,20.5,0.699999988079071,NA,NA,NA,NA,"ECH-BJ-06",19734.1331865718,NA,NA
2018-09-24,589,NA,NA,1.20000004768372,NA,NA,NA,NA,"ECH-AA-61",0,NA,NA
2018-09-24,589,NA,24.5,1.20000004768372,NA,NA,NA,NA,"ECH-BJ-23",504.480120881082,NA,NA
2018-09-24,589,NA,NA,1.10000002384186,NA,NA,NA,NA,"ECH-AA-62",0,NA,NA
2018-09-24,589,NA,NA,1.10000002384186,NA,NA,NA,NA,"ECH-AA-60",0,NA,NA
2018-09-24,589,NA,26,1.5,NA,NA,NA,NA,"ECH-BJ-26",3188.21749221306,NA,NA
2018-09-24,589,NA,NA,1.5,NA,NA,NA,NA,"ECH-AA-56",0,NA,NA
2018-09-24,589,NA,19.5,0.800000011920929,NA,NA,NA,NA,"ECH-BJ-02",124.762154705111,NA,NA
2018-09-24,589,NA,NA,6.80000019073486,NA,NA,NA,NA,"ECH-AA-72",173085.286167358,NA,NA
2018-09-24,589,NA,24.6000003814697,1.20000004768372,NA,NA,NA,NA,"ECH-BJ-20",405.914815761176,NA,NA
2018-09-24,589,NA,NA,0.800000011920929,NA,NA,NA,NA,"ECH-AA-76",953797.486404313,NA,NA
2018-09-24,589,NA,24,1.10000002384186,NA,NA,NA,NA,"ECH-BJ-22",5829.83441477328,NA,NA
2018-09-24,589,NA,NA,0.800000011920929,NA,NA,NA,NA,"ECH-AA-73",1552140.51762936,NA,NA
2018-09-24,589,NA,22.6000003814697,1,NA,NA,NA,NA,"ECH-BJ-09",1984.29585152891,NA,NA
2018-09-24,589,NA,NA,1,NA,NA,NA,NA,"ECH-AA-75",612976.209045278,NA,NA
2018-09-24,589,NA,21.2999992370605,0.800000011920929,NA,NA,NA,NA,"ECH-BJ-11",18299.3819816574,NA,NA
2018-09-24,589,NA,NA,0.899999976158142,NA,NA,NA,NA,"ECH-AA-74",5139817.23973706,NA,NA
2018-09-24,589,NA,25.1000003814697,1.29999995231628,NA,NA,NA,NA,"ECH-BJ-13",0,NA,NA
2018-09-24,589,NA,NA,1.5,NA,NA,NA,NA,"ECH-AA-70",27968.4238857213,NA,NA
2018-09-24,589,NA,24.7000007629395,1.29999995231628,NA,NA,NA,NA,"ECH-BJ-15",217.962472817632,NA,NA
2018-09-24,589,NA,NA,1.39999997615814,NA,NA,NA,NA,"ECH-AA-71",303000.230201549,NA,NA
2018-09-24,589,NA,21.1000003814697,0.699999988079071,NA,NA,NA,NA,"ECH-BJ-04",0,NA,NA
2018-09-24,589,NA,23.5,1.20000004768372,NA,NA,NA,NA,"ECH-BJ-21",179.113595644739,NA,NA
2018-09-24,589,NA,23.5,1.10000002384186,NA,NA,NA,NA,"ECH-BJ-24",19150.351379315,NA,NA
2018-09-24,589,NA,NA,1.29999995231628,NA,NA,NA,NA,"ECH-AA-69",63252.8727318616,NA,NA
2018-09-24,589,NA,NA,1.79999995231628,NA,NA,NA,NA,"ECH-AA-59",94.2572529736414,NA,NA
2018-09-24,589,NA,NA,1,NA,NA,NA,NA,"ECH-AA-68",16236.9906022514,NA,NA
2018-09-24,589,NA,22.5,1,NA,NA,NA,NA,"ECH-BJ-19",0,NA,NA
2018-09-24,589,NA,NA,1.39999997615814,NA,NA,NA,NA,"ECH-AA-67",405263.536845053,NA,NA
2018-09-24,589,NA,24.7999992370605,1.20000004768372,NA,NA,NA,NA,"ECH-BJ-17",4304.65159865816,NA,NA
2018-09-24,589,NA,NA,1.29999995231628,NA,NA,NA,NA,"ECH-AA-63",0,NA,NA
2018-09-24,589,NA,26,1.70000004768372,NA,NA,NA,NA,"ECH-BJ-14",25059.1550081025,NA,NA
2018-09-24,589,NA,25.7000007629395,1.70000004768372,NA,NA,NA,NA,"ECH-BJ-18",5426.18132186573,NA,NA
2018-09-24,589,NA,NA,1.5,NA,NA,NA,NA,"ECH-AA-58",256.58006350667,NA,NA
2018-09-24,589,NA,23.8999996185303,1.20000004768372,NA,NA,NA,NA,"ECH-BJ-16",1062.90749889723,NA,NA
2018-09-24,589,NA,NA,1.29999995231628,NA,NA,NA,NA,"ECH-AA-57",0,NA,NA
2018-10-19,519,"Main Stream",23.2,1.1,NA,"M","N",NA,"ECH18-KC-103",10619.50655,629840,4464287
2018-10-19,519,"Channel",22.2,1.2,NA,"M","N",NA,"ECH18-KC-102",468.7193259,629907,4464290
2018-10-19,519,"Channel",19.6,0.8,NA,"M","N",NA,"ECH18-KC-101",5859.250688,629907,4464290
2019-06-05,531,"Channel/Pond/Pool",28,1,"U","Y","Y",NA,"CHI19-KC-002",0,629923,4464261
2019-06-05,531,"Channel",47.4,10.5,"U","S","N",NA,"CHI19-KC-001",346.9323461,629945,4464309
2019-07-01,536,"Main Stream",53.8,18,"F","A","Y","982000403130792","CHI19-KC-201",0,629871,4464306
2019-07-01,536,"Main Stream",72,29,"F","A","Y","982000403130867","CHI19-KC-202",3890.753563,629867,4464278
2019-07-01,536,"Main Stream",32.8,4,"U","Y","Y",NA,"CHI19-KC-203",0,629892,4464265
2019-07-01,536,"Main Stream",49.5,12.5,"M","A","Y","982000407481613","CHI19-KC-204",0,629971,4464283
2019-07-18,564,"Main Stream",65,28.5,"F","A","Y","982000407481583","CM19-CB-01",NA,629727,4464444
2019-07-18,564,"Main Stream",69,32.5,"F","A","Y","982000403132143","CM19-CB-03",NA,629522,4464609
2019-07-18,564,"Main Stream",60,23.5,"F","A","N","982126058793146","CM19-CB-02",NA,629727,4464444
2019-07-18,564,"Main Stream",61.5,27.25,"F","A","N","982126058793100","NO SWAB TAKEN",NA,629549,4464542
2019-07-18,564,"Channel",70,35,"F","A","N","982126058793151","CM19-CB-06",NA,629621,4465439
2019-07-18,564,"Main Stream",56,19,"F","A","N","982126058793152","CM19-CB-05",NA,629538,4464886
2019-07-18,564,"Main Stream",49,14,"M","A","N","982126058793099","CM19-CB-04",NA,629526,4464794
2019-07-27,544,"Main Stream",51.7,15,"F","A","Y","982126054429693","CHI19-KC-304",602.1332735,629888,4464273
2019-07-27,544,"Main Stream",47,10.5,"M","S","N","982126054429665","CHI19-KC-301",0,629839,4464299
2019-07-27,544,"Main Stream",55.5,17,"M","A","Y","982000403130874","CHI19-KC-303",0,629888,4464273
2019-07-27,544,"Main Stream",50.5,15,"M","A","Y","982000403130906","CHI19-KC-305",726.9900305,629876,4464279
2019-07-27,544,"Main Stream",47.5,12.5,"M","A","N","982126051297450","CHI19-KC-302",0,629842,4464311
2019-08-20,565,"Main Stream",64,24,"F","A","N","982126054429579","CM19-CB-09",NA,629560,4464908
2019-08-20,565,"Channel",46,11.4,"M","A","N","982126058820718","CM19-CB-10",NA,629523,4464950
2019-08-20,565,"Main Stream",62.5,25.5,"F","A","N","982126058820653","CM19-CB-11",NA,629430,4465224
2019-08-20,566,"Wet Meadow (no distinct edges)",56.5,19,"F","A","N","982126058820678","CM19-CB-12",NA,629120,4464636
2019-08-20,566,"Main Stream",58,21.75,"F","A","N","982126058820710","CM19-CB-13",NA,628957,4464613
2019-08-20,565,"Main Stream",57,20,"F","A","N","982126058820706","CM19-CB-07",NA,629749,4464440
2019-08-20,565,"Main Stream",58,21.5,"F","A","Y","982126058793152","CM19-CB-08",NA,629560,4464908
2019-09-12,567,"Wet Meadow (no distinct edges)",26,1.7,"U","Y","N",NA,"CM19-CB-16",NA,629622,4465481
2019-09-12,567,"Main Stream",39.5,6.4,"U","S","N","982126058820700","CM19-CB-15",NA,629649,4464470
2019-09-12,567,"Channel/Pond/Pool",57,21.5,"F","A","Y","982126058820710","CM19-CB-17",NA,628972,4464616
2019-09-12,567,"Channel/Pond/Pool",52.5,16.75,"F","A","N","982126058820667","CM19-CB-18",NA,628972,4464616
2019-09-12,567,"Main Stream",59.5,24.5,"F","A","N","982126058820654","CM19-CB-14",NA,629566,4464519
2020-06-02,602,"Main Stream",66.9,27.5,"M","A","N","982126058689640","CHI20-KC-119",NA,629518.578286,4464642.2596
2020-06-02,602,"Channel",53.4,21,"F","A","N","982126058689650","CHI20-KC-107",NA,629805,4464417
2020-06-02,602,"Channel Pool",48.8,9.5,"F","A","N","982126058689661","CHI20-KC-106",NA,629828,4464411
2020-06-02,602,"Main Stream",63.5,26,"F","A","N","982126058689699","CHI20-KC-108",NA,629786,4464410
2020-06-02,602,"Main Stream",62.6,25.5,"F","A","Y","982000403131101","CHI20-KC-109",NA,629829,4464411
2020-06-02,602,"Main Stream",50.5,11.5,"M","A","N","982126058689679","CHI20-KC-110",NA,629716,4464436
2020-06-02,602,"Main Stream",61.3,22.5,"F","S","Y","982126058793146","CHI20-KC-111",NA,629713,4464440
2020-06-02,602,"Main Stream",52.8,16,"U","S","N","982126058689718","CHI20-KC-112",NA,629581,4464493
2020-06-02,602,"Backwater",22,1.2,"U","Y","N",NA,"CHI20-KC-114",NA,629531,4464575
2020-06-02,602,"Main Stream",50.7,13,"F","A","N","982126058689688","CHI20-KC-116",NA,629548,4464572
2020-06-02,602,"Channel",49.2,11,"M","A","N","982126058689634","CHI20-KC-105",NA,629827,4464379
2020-06-02,602,"Main Stream",65,27,"F","A","Y","982000403132143","CHI20-KC-118",NA,629533,4464603
2020-06-02,602,"Main Stream",42.2,10,"M","S","N","982126058689717","CHI20-KC-113",NA,629558,4464504
2020-06-02,602,"Main Stream",69,31.5,"F","A","N","982126058689653","CHI20-KC-120",NA,629523,4464653
2020-06-02,602,"Main Stream",50.3,14,"F","A","N","982126058689691","CHI20-KC-121",NA,629530,4464761
2020-06-02,602,"Main Stream",61.9,18,"F","A","N","982126058689649","CHI20-KC-122",NA,629534,4464765
2020-06-02,602,"Main Stream",63,26,"F","A","N","982126058689721","CHI20-KC-123",NA,629537,4464858
2020-06-02,602,"Main Stream",45.2,8.5,"M","A","N","982126058689723","CHI20-KC-124",NA,629547,4464842
2020-06-02,602,"Main Stream",47.3,10,"M","A","N","982126058689625","CHI20-KC-125",NA,629533,4464892
2020-06-02,602,"Main Stream",63,22.5,"U","A","N","982126058689673","CHI20-KC-126",NA,629539,4464872
2020-06-02,602,NA,52,12,"M","A","N","982126058689660","CHI20-KC-127",NA,629537,4464890
2020-06-02,602,"Main Stream",60.6,21,"F","A","Y","982126058793152","CHI20-KC-128",NA,629547,4464882
2020-06-02,602,"Channel",54.4,18,"F","A","N","982126058689678","CHI20-KC-129",NA,629518,4465146
2020-06-02,602,"Main Stream",61,25.5,"F","A","N","982126058689669","CHI20-KC-117",NA,629552,4464586
2020-06-02,602,"Channel",49.1,11.5,"M","A","Y","982000403132208","CHI20-KC-103",NA,629893,4464271
2020-06-02,602,"Channel",57.9,21.5,"F","A","Y","982000363602573","CHI20-KC-102",NA,629889,4464303
2020-06-02,602,"Channel",47.2,10,"M","S","Y","982126058689720","CHI20-KC-101",NA,629919,4464290
2020-06-02,602,"Main Stream",57.4,16,"F","A","N","982126058689643","CHI20-KC-115",NA,629546,4464565
2020-06-02,602,"Channel",48.8,11,"F","A","N","982126058689675","CHI20-KC-104",NA,629828,4464399
2020-06-04,609,"Main Stream",69,30,"M","S","N","982126058689703","CHI20-ES-101",NA,631012,4464153
2020-06-27,611,"Main Stream",57,21.2,"F","A","N","982126058689686","CHI20-AM-202",NA,629525,4464701
2020-06-27,611,"Main Stream",67.5,27.7,"F","A","Y","982126058689669","CHI20-AM-204",NA,629545,4464587
2020-06-27,611,"Main Stream",56.7,19.5,"F","A","N","982126058689719","CHI20-AM-201",NA,629560,4464832
2020-06-27,611,"Pond/Pool",31.6,2.4,"U","S","N",NA,"CHI20-AM-209",NA,629938,4464258
2020-06-27,611,"Main Stream",66.4,26.1,"F","A","N","982126058689701","CHI20-AM-207",NA,629574,4464495
2020-06-27,611,"Main Stream",71.8,31,"F","A","Y","982126058689640","CHI20-AM-203",NA,629515,4464655
2020-06-27,611,"Main Stream",60.2,24.7,"F","A","Y","982126058820654","CHI20-AM-205",NA,629542,4464587
2020-06-27,611,"Main Stream",56.1,19.5,"F","A","Y","982126058689650","CHI20-AM-208",NA,629792,4464407
2020-06-27,611,"Main Stream",43.7,8.3,"U","S","N","982126058689659","CHI20-AM-206",NA,629554,4464513
2020-07-15,606,"Main Stream",70.9,29.9,"M","A","Y","982126058689669","CHI20-AM-302",NA,629546,4464582
2020-07-15,606,"Main Stream",65.4,24,"M","A","Y","982126058689673","CHI20-AM-304",NA,629538,4464870
2020-07-15,606,"Terrestrial",58.2,18.8,"F","A","Y","982126058689691","CHI20-AM-303",NA,629527,4464737
2020-07-15,606,"Main Stream",62.8,27,"M","A","Y","982126058820706","CHI20-AM-301",NA,629754,4464447
2020-07-15,606,"Main Stream",42.9,8.8,"M","S","N","982126058689662","CHI20-AM-305",NA,629544,4465082
2020-07-15,606,"Main Stream",59.4,23.1,"M","A","N","982126058689645","CHI20-AM-306",NA,629644,4464470
2020-07-29,616,"Main Stream",59.4,19.5,"F","A","Y","982126054429693","CHI20-AM-403",NA,629844,4464313
2020-07-29,616,"Main Stream",47.8,12.6,"M","A","N","982126058689638","CHI20-AM-401",NA,631327,4464120
2020-07-29,616,"Main Stream",35.1,3.3,"U","S","N",NA,"CHI20-AM-413",NA,629548,4464587
2020-07-29,616,"Main Stream",58.4,23.6,"F","A","Y","982126058689645","CHI20-AM-405",NA,629580,4464478
2020-07-29,616,"Main Stream",53.4,13.7,"F","A","N","982126058689711","CHI20-AM-407",NA,629582,4464489
2020-07-29,616,"Main Stream",48.1,9.8,"U","S","Y","982126058689659","CHI20-AM-411",NA,629552,4464516
2020-07-29,616,"Main Stream",61.5,24.2,"F","A","Y","982126058689675","CHI20-AM-402",NA,629846,4464301
2020-07-29,616,"Main Stream",55.5,18,"F","A","Y","982126058689718","CHI20-AM-408",NA,629579,4464496
2020-07-29,616,"Main Stream",56.7,19.1,"F","A","Y","982126058689719","CHI20-AM-412",NA,629548,4464587
2020-07-29,616,"Main Stream",66.7,27.2,"F","A","Y","982126058689701","CHI20-AM-406",NA,629580,4464478
2020-07-29,616,"Main Stream",40.8,5.5,"M","S","N","982126058689714","CHI20-AM-404",NA,629847,4464367
2020-07-29,616,"Main Stream",63.5,24.6,"F","A","Y","982126058793152","CHI20-AM-415",NA,629551,4464907
2020-07-29,616,"Terrestrial",65,26.7,"F","A","N","982126058689689","CHI20-AM-410",NA,629564,4464508
2020-07-29,616,"Main Stream",42.4,8.7,"M","S","N","982126058689642","CHI20-AM-409",NA,629564,4464506
2020-07-29,616,"Main Stream",63.6,26.1,"F","A","Y","982126058820654","CHI20-AM-414",NA,629551,4464589
2020-08-21,618,"Channel",38.9,4.9,"U","Y","N",NA,"CHI20-AM-501",NA,629842,4464290
2020-08-21,618,"Channel",55,16.9,"F","A","N","982126058689655","CHI20-AM-506",NA,629527,4464992
2020-08-21,618,"Channel",60.2,20.9,"F","A","N","982126058689681","CHI20-AM-504",NA,629546,4464891
2020-08-21,618,"Channel",54.1,14.3,"F","A","Y","982126058689711","CHI20-AM-502",NA,629582,4464488
2020-08-21,618,"Channel",63.1,31.4,"F","A","Y","982126058689669","CHI20-AM-503",NA,629545,4464581
2020-08-21,618,"Channel",18.5,0.7,"U","M","N",NA,"CHI20-AM-505",NA,629556,4464904
2020-08-21,618,"Channel",57.8,19.3,"F","A","N","982126058689722","CHI20-AM-507",NA,629547,4465050
